{
  "melspectrogram": {
    "model_1_melspectrogram": {
      "loss": 0.14501029253005981,
      "accuracy": 0.9666666388511658
    },
    "model_2_melspectrogram": {
      "loss": 0.37295934557914734,
      "accuracy": 0.8999999761581421
    },
    "model_3_melspectrogram": {
      "loss": 0.17225860059261322,
      "accuracy": 0.971666693687439
    },
    "model_4_melspectrogram": {
      "loss": 0.08949616551399231,
      "accuracy": 0.9766666889190674
    },
    "model_5_melspectrogram": {
      "loss": 0.09382307529449463,
      "accuracy": 0.9766666889190674
    },
    "model_6_melspectrogram": {
      "loss": 0.09261777251958847,
      "accuracy": 0.9816666841506958
    },
    "model_7_melspectrogram": {
      "loss": 2.30258846282959,
      "accuracy": 0.10000000149011612
    }
  }
}