{
    "mfcc": {
        "model_1_mfcc": {
            "loss": 1.142271637916565,
            "accuracy": 0.67166668176651
        },
        "model_2_mfcc": {
            "loss": 0.7692800760269165,
            "accuracy": 0.7524999976158142
        },
        "model_3_mfcc": {
            "loss": 0.652083158493042,
            "accuracy": 0.7850000262260437
        },
        "model_4_mfcc": {
            "loss": 0.4438492953777313,
            "accuracy": 0.8508333563804626
        },
        "model_5_mfcc": {
            "loss": 0.4897858202457428,
            "accuracy": 0.840833306312561
        }
    },
    "melspectrogram": {
        "model_1_melspectrogram": {
            "loss": 0.6558161973953247,
            "accuracy": 0.7825000286102295
        },
        "model_2_melspectrogram": {
            "loss": 0.5671918988227844,
            "accuracy": 0.8066666722297668
        },
        "model_3_melspectrogram": {
            "loss": 0.6225231885910034,
            "accuracy": 0.8083333373069763
        },
        "model_4_melspectrogram": {
            "loss": 0.21853800117969513,
            "accuracy": 0.9283333420753479
        },
        "model_5_melspectrogram": {
            "loss": 0.27137690782546997,
            "accuracy": 0.9175000190734863
        }
    },
    "chroma_stft": {
        "model_1_chroma_stft": {
            "loss": 1.8212138414382935,
            "accuracy": 0.3866666555404663
        },
        "model_2_chroma_stft": {
            "loss": 2.576946496963501,
            "accuracy": 0.19833333790302277
        },
        "model_3_chroma_stft": {
            "loss": 1.5465494394302368,
            "accuracy": 0.5375000238418579
        },
        "model_4_chroma_stft": {
            "loss": 1.2570284605026245,
            "accuracy": 0.5583333373069763
        },
        "model_5_chroma_stft": {
            "loss": 1.376848816871643,
            "accuracy": 0.5258333086967468
        }
    }
}