{
    "mfcc": {
        "model_1_mfcc": {
            "loss": 0.31676435470581055,
            "accuracy": 0.8983333110809326
        },
        "model_2_mfcc": {
            "loss": 0.19797831773757935,
            "accuracy": 0.9391666650772095
        },
        "model_3_mfcc": {
            "loss": 0.09498410671949387,
            "accuracy": 0.9741666913032532
        },
        "model_4_mfcc": {
            "loss": 0.15163317322731018,
            "accuracy": 0.9608333110809326
        },
        "model_5_mfcc": {
            "loss": 0.1097148135304451,
            "accuracy": 0.9666666388511658
        }
    },
    "melspectrogram": {
        "model_1_melspectrogram": {
            "loss": 0.1372472196817398,
            "accuracy": 0.9466666579246521
        },
        "model_2_melspectrogram": {
            "loss": 0.09508321434259415,
            "accuracy": 0.9750000238418579
        },
        "model_3_melspectrogram": {
            "loss": 0.0731496512889862,
            "accuracy": 0.9783333539962769
        },
        "model_4_melspectrogram": {
            "loss": 0.13482533395290375,
            "accuracy": 0.95333331823349
        },
        "model_5_melspectrogram": {
            "loss": 0.09536413848400116,
            "accuracy": 0.9750000238418579
        }
    },
    "chroma_stft": {
        "model_1_chroma_stft": {
            "loss": 2.222355604171753,
            "accuracy": 0.3174999952316284
        },
        "model_2_chroma_stft": {
            "loss": 1.9436490535736084,
            "accuracy": 0.36000001430511475
        },
        "model_3_chroma_stft": {
            "loss": 1.667237401008606,
            "accuracy": 0.4933333396911621
        },
        "model_4_chroma_stft": {
            "loss": 1.3310341835021973,
            "accuracy": 0.5400000214576721
        },
        "model_5_chroma_stft": {
            "loss": 1.3467307090759277,
            "accuracy": 0.5241666436195374
        }
    }
}