{
    "stft": {
        "model_1_stft": {
            "loss": 1.5029869079589844,
            "accuracy": 0.5816666483879089
        },
        "model_2_stft": {
            "loss": 0.6914291381835938,
            "accuracy": 0.7699999809265137
        },
        "model_3_stft": {
            "loss": 0.9189507961273193,
            "accuracy": 0.675000011920929
        },
        "model_4_stft": {
            "loss": 0.6366288065910339,
            "accuracy": 0.7941666841506958
        },
        "model_5_stft": {
            "loss": 0.6796796917915344,
            "accuracy": 0.7458333373069763
        }
    }
}