{
    "stft": {
        "model_1_stft": {
            "loss": 0.9800300002098083,
            "accuracy": 0.6583333611488342
        },
        "model_2_stft": {
            "loss": 1.1101516485214233,
            "accuracy": 0.5691666603088379
        },
        "model_3_stft": {
            "loss": 0.5398451685905457,
            "accuracy": 0.8108333349227905
        },
        "model_4_stft": {
            "loss": 0.46608588099479675,
            "accuracy": 0.8391666412353516
        },
        "model_5_stft": {
            "loss": 0.7703647613525391,
            "accuracy": 0.7283333539962769
        }
    }
}