{
  "mfcc": {
    "model_1_mfcc": {
      "loss": 2.3025853633880615,
      "accuracy": 0.10000000149011612
    },
    "model_2_mfcc": {
      "loss": 2.3025853633880615,
      "accuracy": 0.10000000149011612
    },
    "model_3_mfcc": {
      "loss": 0.7760410904884338,
      "accuracy": 0.7250000238418579
    },
    "model_4_mfcc": {
      "loss": 0.5785436034202576,
      "accuracy": 0.8733333349227905
    },
    "model_5_mfcc": {
      "loss": 2.3025853633880615,
      "accuracy": 0.10000000149011612
    },
    "model_6_mfcc": {
      "loss": 2.3025853633880615,
      "accuracy": 0.10000000149011612
    },
    "model_7_mfcc": {
      "loss": 2.7094476222991943,
      "accuracy": 0.10000000149011612
    },
    "model_8_mfcc": {
      "loss": 2.72477126121521,
      "accuracy": 0.10000000149011612
    }
  },
  "melspectrogram": {
    "model_1_melspectrogram": {
      "loss": 2.3025853633880615,
      "accuracy": 0.10000000149011612
    },
    "model_2_melspectrogram": {
      "loss": 2.3025853633880615,
      "accuracy": 0.10000000149011612
    },
    "model_3_melspectrogram": {
      "loss": 3.0162301063537598,
      "accuracy": 0.10000000149011612
    },
    "model_4_melspectrogram": {
      "loss": 1.466353416442871,
      "accuracy": 0.3683333396911621
    },
    "model_5_melspectrogram": {
      "loss": 2.3025853633880615,
      "accuracy": 0.10000000149011612
    },
    "model_6_melspectrogram": {
      "loss": 2.3025853633880615,
      "accuracy": 0.10000000149011612
    },
    "model_7_melspectrogram": {
      "loss": 3.1928751468658447,
      "accuracy": 0.09833333641290665
    },
    "model_8_melspectrogram": {
      "loss": 2.3179147243499756,
      "accuracy": 0.10000000149011612
    }
  },
  "chroma_stft": {
    "model_1_chroma_stft": {
      "loss": 2.3049826622009277,
      "accuracy": 0.10000000149011612
    },
    "model_2_chroma_stft": {
      "loss": 2.309474229812622,
      "accuracy": 0.10499999672174454
    },
    "model_3_chroma_stft": {
      "loss": 1.4295321702957153,
      "accuracy": 0.5383333563804626
    },
    "model_4_chroma_stft": {
      "loss": 1.7797261476516724,
      "accuracy": 0.5483333468437195
    },
    "model_5_chroma_stft": {
      "loss": 2.3025853633880615,
      "accuracy": 0.10000000149011612
    },
    "model_6_chroma_stft": {
      "loss": 2.3025853633880615,
      "accuracy": 0.10000000149011612
    },
    "model_7_chroma_stft": {
      "loss": 3.375795602798462,
      "accuracy": 0.10000000149011612
    },
    "model_8_chroma_stft": {
      "loss": 2.3446578979492188,
      "accuracy": 0.10000000149011612
    }
  },
  "stft": {
    "model_1_stft": {
      "loss": 2.3025853633880615,
      "accuracy": 0.10000000149011612
    },
    "model_2_stft": {
      "loss": 2.3025853633880615,
      "accuracy": 0.10000000149011612
    },
    "model_3_stft": {
      "loss": 3.169167995452881,
      "accuracy": 0.10000000149011612
    },
    "model_4_stft": {
      "loss": 2.7032039165496826,
      "accuracy": 0.10000000149011612
    },
    "model_5_stft": {
      "loss": 2.3025853633880615,
      "accuracy": 0.10000000149011612
    },
    "model_6_stft": {
      "loss": 2.3025636672973633,
      "accuracy": 0.10166666656732559
    },
    "model_7_stft": {
      "loss": 2.9785783290863037,
      "accuracy": 0.10000000149011612
    },
    "model_8_stft": {
      "loss": 3.012930154800415,
      "accuracy": 0.10000000149011612
    }
  }
}