{
  "mfcc": {
    "model_1_mfcc": {
      "loss": 0.6055562496185303,
      "accuracy": 0.9200000166893005
    },
    "model_2_mfcc": {
      "loss": 0.3006485104560852,
      "accuracy": 0.9300000071525574
    },
    "model_3_mfcc": {
      "loss": 0.43246403336524963,
      "accuracy": 0.949999988079071
    },
    "model_4_mfcc": {
      "loss": 0.3487206995487213,
      "accuracy": 0.949999988079071
    },
    "model_5_mfcc": {
      "loss": 0.22387295961380005,
      "accuracy": 0.9416666626930237
    },
    "model_6_mfcc": {
      "loss": 0.34712690114974976,
      "accuracy": 0.9300000071525574
    },
    "model_7_mfcc": {
      "loss": 1.168211579322815,
      "accuracy": 0.875
    }
  },
  "melspectrogram": {
    "model_1_melspectrogram": {
      "loss": 0.11058728396892548,
      "accuracy": 0.9783333539962769
    },
    "model_2_melspectrogram": {
      "loss": 0.1136009693145752,
      "accuracy": 0.9700000286102295
    },
    "model_3_melspectrogram": {
      "loss": 0.1455533355474472,
      "accuracy": 0.9783333539962769
    },
    "model_4_melspectrogram": {
      "loss": 0.06750429421663284,
      "accuracy": 0.9866666793823242
    },
    "model_5_melspectrogram": {
      "loss": 0.07587337493896484,
      "accuracy": 0.9866666793823242
    },
    "model_6_melspectrogram": {
      "loss": 2.302589178085327,
      "accuracy": 0.10000000149011612
    },
    "model_7_melspectrogram": {
      "loss": 2.3025951385498047,
      "accuracy": 0.10000000149011612
    }
  },
  "chroma_stft": {
    "model_1_chroma_stft": {
      "loss": 1.8037530183792114,
      "accuracy": 0.6583333611488342
    },
    "model_2_chroma_stft": {
      "loss": 1.0523658990859985,
      "accuracy": 0.7250000238418579
    },
    "model_3_chroma_stft": {
      "loss": 1.4097506999969482,
      "accuracy": 0.7699999809265137
    },
    "model_4_chroma_stft": {
      "loss": 0.9367883205413818,
      "accuracy": 0.7749999761581421
    },
    "model_5_chroma_stft": {
      "loss": 0.8809517621994019,
      "accuracy": 0.7666666507720947
    },
    "model_6_chroma_stft": {
      "loss": 1.2946938276290894,
      "accuracy": 0.7099999785423279
    },
    "model_7_chroma_stft": {
      "loss": 2.130667209625244,
      "accuracy": 0.4950000047683716
    }
  },
  "stft": {
    "model_1_stft": {
      "loss": 0.7394537329673767,
      "accuracy": 0.82833331823349
    },
    "model_2_stft": {
      "loss": 0.34444791078567505,
      "accuracy": 0.9016666412353516
    },
    "model_3_stft": {
      "loss": 0.30375030636787415,
      "accuracy": 0.9616666436195374
    },
    "model_4_stft": {
      "loss": 0.21715667843818665,
      "accuracy": 0.9300000071525574
    },
    "model_5_stft": {
      "loss": 0.19944117963314056,
      "accuracy": 0.9416666626930237
    },
    "model_6_stft": {
      "loss": 2.302593469619751,
      "accuracy": 0.10000000149011612
    },
    "model_7_stft": {
      "loss": 2.302901029586792,
      "accuracy": 0.10000000149011612
    }
  }
}