{
  "mfcc": {
    "model_1_mfcc": {
      "loss": 2.8495287895202637,
      "accuracy": 0.8450000286102295
    },
    "model_2_mfcc": {
      "loss": 2.614516496658325,
      "accuracy": 0.8516666889190674
    },
    "model_3_mfcc": {
      "loss": 3.15863037109375,
      "accuracy": 0.8149999976158142
    },
    "model_4_mfcc": {
      "loss": 1.785679578781128,
      "accuracy": 0.8483333587646484
    },
    "model_5_mfcc": {
      "loss": 115.261474609375,
      "accuracy": 0.8633333444595337
    },
    "model_6_mfcc": {
      "loss": 146.89146423339844,
      "accuracy": 0.8349999785423279
    },
    "model_7_mfcc": {
      "loss": 1666.6090087890625,
      "accuracy": 0.8450000286102295
    },
    "model_8_mfcc": {
      "loss": 76356.5,
      "accuracy": 0.7433333396911621
    }
  },
  "melspectrogram": {
    "model_1_melspectrogram": {
      "loss": 1.8794852495193481,
      "accuracy": 0.9100000262260437
    },
    "model_2_melspectrogram": {
      "loss": 2.9166088104248047,
      "accuracy": 0.8733333349227905
    },
    "model_3_melspectrogram": {
      "loss": 2.30111026763916,
      "accuracy": 0.9433333277702332
    },
    "model_4_melspectrogram": {
      "loss": 6.203985691070557,
      "accuracy": 0.6949999928474426
    },
    "model_5_melspectrogram": {
      "loss": 214.0768280029297,
      "accuracy": 0.9116666913032532
    },
    "model_6_melspectrogram": {
      "loss": 108.77705383300781,
      "accuracy": 0.9366666674613953
    },
    "model_7_melspectrogram": {
      "loss": 7804.14990234375,
      "accuracy": 0.8166666626930237
    },
    "model_8_melspectrogram": {
      "loss": 3135313.75,
      "accuracy": 0.3316666781902313
    }
  },
  "chroma_stft": {
    "model_1_chroma_stft": {
      "loss": 2.442300319671631,
      "accuracy": 0.40666666626930237
    },
    "model_2_chroma_stft": {
      "loss": 2.6752054691314697,
      "accuracy": 0.4216666519641876
    },
    "model_3_chroma_stft": {
      "loss": 2.9258463382720947,
      "accuracy": 0.43166667222976685
    },
    "model_4_chroma_stft": {
      "loss": 1.6920396089553833,
      "accuracy": 0.4583333432674408
    },
    "model_5_chroma_stft": {
      "loss": 150.8605194091797,
      "accuracy": 0.3199999928474426
    },
    "model_6_chroma_stft": {
      "loss": 138.93710327148438,
      "accuracy": 0.37833333015441895
    },
    "model_7_chroma_stft": {
      "loss": 3457.075927734375,
      "accuracy": 0.20000000298023224
    },
    "model_8_chroma_stft": {
      "loss": 1106.4993896484375,
      "accuracy": 0.2966666519641876
    }
  },
  "stft": {
    "model_1_stft": {
      "loss": 33.08460235595703,
      "accuracy": 0.746666669845581
    },
    "model_2_stft": {
      "loss": 17.46075439453125,
      "accuracy": 0.8166666626930237
    },
    "model_3_stft": {
      "loss": 51.952518463134766,
      "accuracy": 0.7649999856948853
    },
    "model_4_stft": {
      "loss": 6.1492228507995605,
      "accuracy": 0.8266666531562805
    },
    "model_5_stft": {
      "loss": 2003.78662109375,
      "accuracy": 0.8299999833106995
    },
    "model_6_stft": {
      "loss": 1028.9090576171875,
      "accuracy": 0.8999999761581421
    },
    "model_7_stft": {
      "loss": 31064.283203125,
      "accuracy": 0.6316666603088379
    },
    "model_8_stft": {
      "loss": 97946.546875,
      "accuracy": 0.8600000143051147
    }
  }
}